Ana,11111111111,Feminino,12/12/1212,12121212,opa,
Zapata,98493849384,Feminino,66/66/6666,zapatinha@gmail.com,1234,
Carlos,22222222222,Masculino,01/01/1990,carlos@example.com,senha123,
Maria,33333333333,Feminino,15/07/1985,maria@example.com,pass456,
José,44444444444,Masculino,30/11/1982,jose@example.com,789senha,
Beatriz,55555555555,Feminino,10/10/1970,beatriz@example.com,password,
Paulo,77777777777,Masculino,25/09/1992,paulo@example.com,123abc,
Fernanda,88888888888,Feminino,03/05/1995,fernanda@example.com,qwerty123,
Luiza,99999999999,Feminino,14/02/1980,luiza@example.com,senha456,
Rafael,10101010101,Masculino,29/04/1977,rafael@example.com,pass789,
Sofia,20202020202,Feminino,17/12/1984,sofia@example.com,secure123,
Ricardo,30303030303,Masculino,07/07/1991,ricardo@example.com,abc123,
Julia,40404040404,Feminino,19/11/1996,julia@example.com,julia2024,
Henrique,50505050505,Masculino,23/03/1982,henrique@example.com,passcode,
Leticia,60606060606,Feminino,08/06/1998,leticia@example.com,letpass,
André,70707070707,Masculino,12/01/1993,andre@example.com,andre789,
Carolina,80808080808,Feminino,04/10/1986,carolina@example.com,carol123,
Felipe,90909090909,Masculino,30/03/1985,felipe@example.com,felipepass,
Tatiana,11121314151,Feminino,22/08/1974,tatiana@example.com,tatipass,
Pedro,12131415161,Masculino,11/04/1979,pedro@example.com,pedro123,
Mariana,13141516171,Feminino,09/12/1981,mariana@example.com,maripass,
Thiago,14151617181,Masculino,06/09/1987,thiago@example.com,thipass,
Aline,15161718191,Feminino,27/07/1994,aline@example.com,aline789,
Renato,16171819201,Masculino,13/05/1976,renato@example.com,renpass,
Viviane,17181920211,Feminino,18/01/1990,viviane@example.com,vivi123,
Rodrigo,18192021231,Masculino,21/11/1983,rodrigo@example.com,rodri456,
Gabriela,19202122241,Feminino,02/04/1988,gabriela@example.com,gabipass,
Diego,20212223251,Masculino,15/02/1997,diego@example.com,diegopass,
Claudia,21222324261,Feminino,09/08/1991,claudia@example.com,claudiapass,
Bruno,22232425271,Masculino,05/06/1975,bruno@example.com,brunopass,
